196,242,3.0,881250949
298,474,4.0,884182806
298,317,4.0,884182806
298,281,3.0,884183336
54,106,3.0,880937882
36,339,5.0,882157581
233,202,5.0,879394264
302,322,2.0,879436875
302,303,2.0,879436785
54,595,3.0,880937813
112,903,1.0,892440172
133,751,3.0,890588547
236,71,3.0,890116671
298,486,3.0,884183063
54,742,5.0,880934806
231,181,4.0,888605273
298,181,4.0,884125629
236,632,3.0,890116254
208,216,5.0,883108324
29,245,3.0,882820803
236,57,5.0,890116575
54,302,4.0,880928519
36,748,4.0,882157285
196,393,4.0,881251863
233,375,4.0,876374419
208,663,5.0,883108476
175,127,5.0,877107640
196,381,4.0,881251728
233,177,4.0,877661496
179,339,1.0,892151366
29,189,4.0,882821942
298,625,4.0,884183406
233,208,4.0,880610814
112,331,4.0,884992603
208,197,5.0,883108797
54,676,5.0,880935294
298,1346,3.0,884126061
105,268,4.0,889214268
112,327,1.0,884992535
120,546,2.0,889490979
196,251,3.0,881251274
298,252,4.0,884183833
261,340,5.0,890454045
88,750,2.0,891037276
196,655,5.0,881251793
247,736,5.0,893097024
29,332,4.0,882820869
261,875,5.0,890454351
112,289,5.0,884992690
36,307,4.0,882157227
266,676,3.0,892257897
319,313,5.0,889816026
54,685,3.0,880935504
29,539,2.0,882821044
298,152,3.0,884183336
208,202,4.0,883108476
228,475,3.0,889388521
54,298,4.0,892681300
175,96,3.0,877108051
236,265,2.0,890116191
196,67,5.0,881252017
175,71,4.0,877107942
36,883,5.0,882157581
179,905,4.0,892151331
236,313,4.0,890115777
233,99,3.0,877663383
236,286,5.0,890115777
298,91,2.0,884182932
298,8,5.0,884182748
302,323,2.0,879436875
208,88,5.0,883108324
319,338,2.0,879977242
54,268,5.0,883963510
298,842,4.0,884127249
233,482,4.0,877661437
302,245,2.0,879436911
236,729,5.0,890118372
298,477,4.0,884126202
233,806,4.0,880610396
236,506,5.0,890118153
112,354,3.0,891304031
112,750,4.0,884992444
179,751,1.0,892151565
261,117,4.0,890455974
112,748,3.0,884992651
261,259,4.0,890454843
261,294,4.0,890454217
233,357,5.0,877661553
179,258,5.0,892151270
27,742,3.0,891543129
54,820,3.0,880937992
208,204,3.0,883108360
261,322,4.0,890454974
133,258,5.0,890588639
112,322,4.0,884992690
29,748,2.0,882821558
319,879,5.0,876280338
261,597,4.0,890456142
208,514,4.0,883108324
247,751,3.0,893081411
261,339,5.0,890454351
29,689,2.0,882821705
236,187,3.0,890118340
231,127,3.0,879965565
302,309,2.0,879436820
298,261,4.0,884126805
133,328,3.0,890588577
236,143,4.0,890116163
236,686,3.0,890118372
236,1328,4.0,890116132
228,886,1.0,889387173
298,432,4.0,884183307
335,328,3.0,891566903
236,696,2.0,890117223
298,151,3.0,884183952
179,316,5.0,892151202
208,662,4.0,883108842
236,289,4.0,890117820
54,313,4.0,890608360
54,325,3.0,880930146
266,874,2.0,892257101
236,507,3.0,890115897
228,288,4.0,889387173
247,271,2.0,893081411
298,98,4.0,884127720
236,200,3.0,890115856
133,260,1.0,890588878
112,689,4.0,884992668
302,328,3.0,879436844
266,508,4.0,892258004
247,251,4.0,893081395
36,319,2.0,882157356
175,31,4.0,877108051
179,895,5.0,892151565
231,126,5.0,888605273
236,699,4.0,890116095
120,282,4.0,889490172
298,418,4.0,884183406
298,465,4.0,884182806
179,345,1.0,892151565
179,315,5.0,892151202
120,25,5.0,889490370
298,1142,4.0,884183572
298,660,3.0,884182838
298,652,3.0,884183099
233,958,5.0,875508372
236,170,5.0,890116451
54,276,5.0,880931595
298,172,4.0,884124993
233,48,5.0,877663184
179,354,4.0,892151331
298,498,5.0,884182573
236,172,3.0,890116539
261,748,3.0,890454310
236,134,4.0,890116282
27,596,2.0,891542987
175,56,2.0,877107790
29,358,2.0,882821044
298,144,4.0,884182838
233,174,5.0,877661553
236,79,4.0,890118417
133,315,4.0,890588524
298,195,4.0,884183277
351,340,1.0,879481424
236,478,3.0,890118106
236,307,4.0,890117902
236,204,3.0,890118393
54,327,5.0,880928893
236,735,5.0,890116599
236,661,3.0,890116451
233,57,5.0,880190451
112,306,5.0,891299783
27,925,3.0,891543245
196,306,4.0,881251021
179,305,4.0,892151270
351,879,5.0,879481461
298,496,5.0,884127603
236,185,5.0,890118307
233,98,5.0,877661724
233,418,4.0,877664010
236,864,2.0,890117073
236,223,5.0,890116032
351,873,3.0,879481643
233,286,3.0,876690514
233,644,5.0,880610635
88,302,3.0,891037111
228,651,4.0,889388521
233,495,4.0,877661364
247,257,4.0,893081396
233,212,5.0,877665324
298,237,5.0,884126240
54,333,5.0,880928745
196,238,4.0,881251820
179,1316,3.0,892151489
298,200,3.0,884183063
179,269,3.0,892151064
335,324,1.0,891567098
120,9,4.0,889489886
175,176,3.0,877107255
236,15,5.0,890116628
27,298,4.0,891543164
196,663,5.0,881251911
112,347,1.0,891302716
208,302,1.0,883108157
105,258,5.0,889214306
236,419,5.0,890116282
233,492,5.0,880923253
247,272,4.0,893081381
179,301,4.0,892151565
236,51,5.0,890116709
236,756,1.0,890117353
233,69,5.0,877665324
54,1016,4.0,890609001
233,117,3.0,880190627
112,325,1.0,884992714
27,281,3.0,891543164
233,269,5.0,891920842
233,97,5.0,877661882
298,473,3.0,884183952
120,257,2.0,889490979
88,321,1.0,891037708
247,111,5.0,893097024
298,286,4.0,884124929
54,1012,2.0,880936669
112,302,4.0,886398509
54,121,4.0,880936669
298,502,5.0,884183406
54,406,2.0,880938490
298,311,3.0,884126552
175,629,3.0,877107942
351,1316,4.0,883356883
88,881,5.0,891038103
54,237,4.0,880935028
179,310,4.0,892151365
236,222,4.0,890116817
54,147,5.0,880935959
54,257,4.0,880937311
54,127,4.0,880933834
236,420,4.0,890116671
208,430,4.0,883108360
233,654,4.0,877665191
236,111,4.0,890116939
105,272,4.0,889214284
247,50,5.0,893097024
298,651,5.0,884183063
261,1025,5.0,890455190
298,993,4.0,884125629
54,273,4.0,880934806
112,678,3.0,884992714
36,882,5.0,882157581
36,682,1.0,882157386
208,381,3.0,883108873
266,272,4.0,892256705
236,596,4.0,890116575
29,1018,4.0,882821989
208,211,5.0,883108398
179,272,5.0,892151202
302,307,4.0,879436739
351,313,5.0,883356562
236,237,4.0,890117001
236,1013,2.0,890117465
231,252,4.0,888605273
196,111,4.0,881251793
233,205,4.0,877663548
233,568,5.0,880612346
236,148,4.0,890117028
36,885,5.0,882157581
335,245,4.0,891567053
233,58,3.0,880612403
196,580,2.0,881252056
133,322,2.0,890588852
179,750,1.0,892151270
88,301,4.0,891037618
302,879,2.0,879436960
236,546,4.0,890117223
54,597,2.0,880934806
236,153,2.0,890118075
120,924,4.0,889490290
302,270,2.0,879436785
54,748,5.0,880928957
105,307,2.0,889214381
88,315,4.0,891037276
236,183,2.0,890118206
208,428,4.0,883108430
228,313,5.0,889387172
196,25,4.0,881251955
208,524,4.0,883108745
120,405,4.0,889490580
228,650,3.0,889388662
105,286,4.0,889214306
54,258,4.0,880928745
54,260,4.0,880930146
298,69,4.0,884125058
29,678,3.0,882821582
175,183,4.0,877107942
54,827,3.0,880937813
351,984,5.0,879481675
261,359,5.0,890454351
233,82,4.0,877663612
175,669,1.0,877107790
54,741,5.0,880931687
231,846,4.0,888605274
88,261,5.0,891038103
231,151,1.0,879966209
335,260,3.0,891567159
228,87,1.0,889388662
36,269,3.0,882157258
179,303,1.0,892151270
319,302,4.0,876280242
351,538,4.0,879481495
105,333,3.0,889214268
261,988,3.0,890455190
233,276,5.0,877665324
266,124,4.0,892258004
351,1105,4.0,883356833
27,121,4.0,891543191
29,98,4.0,882821942
335,269,4.0,891566808
384,272,5.0,891273509
228,204,3.0,889388662
236,66,2.0,890118507
29,259,4.0,882821044
88,690,4.0,891037708
175,483,5.0,877107339
112,300,4.0,884992508
298,71,5.0,884183016
175,9,4.0,877108146
208,523,4.0,883108360
231,121,4.0,879966609
233,313,5.0,891920842
231,748,4.0,888605273
208,435,5.0,883108430
384,355,4.0,891274055
233,1194,5.0,880190371
298,197,4.0,884183236
236,532,2.0,890116915
266,313,4.0,892256705
298,213,3.0,884183130
236,614,5.0,890116335
231,405,4.0,879966609
335,678,3.0,891567251
175,215,5.0,877107500
27,370,4.0,891543245
112,312,5.0,884992872
54,871,5.0,880938547
236,1102,4.0,890117488
413,222,4.0,879969709
298,28,4.0,884182725
175,496,5.0,877108098
236,705,4.0,890116402
236,58,2.0,890118462
384,689,4.0,891274232
54,411,5.0,880936296
196,286,5.0,881250949
233,381,4.0,877665125
175,660,3.0,877107836
27,246,4.0,891542897
228,427,4.0,889388547
413,271,4.0,879969027
179,346,3.0,892151489
54,1088,3.0,880937311
29,270,4.0,882820803
266,283,3.0,892257897
298,507,4.0,884182657
112,754,4.0,884992508
27,978,2.0,891543222
27,475,2.0,891542942
261,342,3.0,890454974
36,268,2.0,882157418
233,257,4.0,883356847
208,56,2.0,883108360
351,359,4.0,879481589
112,303,4.0,884992535
298,274,3.0,884183640
261,410,5.0,890456142
196,94,3.0,881252172
228,655,4.0,889388489
413,306,4.0,879968793
29,269,4.0,882820897
298,202,3.0,884182867
319,267,4.0,875707690
302,258,3.0,879436739
413,124,5.0,879969734
298,185,3.0,884182774
298,503,4.0,884183237
29,343,3.0,882821673
27,515,4.0,891543009
112,316,5.0,892439693
413,297,5.0,879969484
335,347,5.0,891567004
233,191,4.0,877665191
112,984,3.0,884992651
247,1,4.0,893097024
27,100,5.0,891543129
120,245,3.0,889490633
351,292,4.0,879481550
120,286,5.0,889489943
302,299,2.0,879436932
261,892,5.0,890455190
418,362,1.0,891282765
247,151,4.0,893081396
54,50,5.0,880931687
233,31,3.0,880610814
335,271,4.0,891567029
228,327,1.0,889387216
418,313,3.0,891282680
88,904,5.0,891037276
298,178,5.0,884127369
36,310,4.0,882157327
54,475,5.0,880937251
298,203,3.0,884182966
418,301,2.0,891282738
112,307,4.0,884992585
233,193,4.0,877663646
120,252,3.0,889490633
196,692,5.0,881252017
27,508,3.0,891542987
236,298,4.0,890116793
351,990,5.0,879481461
179,331,2.0,892151331
413,255,3.0,879969791
54,118,4.0,880937813
196,8,5.0,881251753
208,402,4.0,883108873
236,549,4.0,890116628
112,286,4.0,884992484
133,304,3.0,890588639
351,750,5.0,883356810
418,304,4.0,891282738
233,923,4.0,877664010
233,499,3.0,877664010
133,294,3.0,890588852
233,423,4.0,877665239
208,208,4.0,883108360
196,428,4.0,881251702
231,476,3.0,879966018
29,874,4.0,882821020
29,302,4.0,882820663
413,628,4.0,879969791
418,269,5.0,891282765
384,343,3.0,891273716
105,752,3.0,889214406
351,754,5.0,883356614
236,195,2.0,890118507
27,295,3.0,891543164
231,924,5.0,888605273
319,880,4.0,889816332
236,443,4.0,890116709
413,260,1.0,879969148
454,493,2.0,888267617
454,1063,4.0,881960029
413,301,3.0,879968794
208,367,2.0,883108324
298,596,3.0,884126288
454,182,3.0,888266685
233,56,5.0,877661776
454,418,3.0,888267128
233,515,5.0,875508080
261,1237,3.0,890454045
196,1118,4.0,881252128
175,132,3.0,877107712
413,7,3.0,879969614
120,148,3.0,889490499
454,633,2.0,881959745
454,181,3.0,881959187
228,272,5.0,889388440
319,333,4.0,875707746
27,325,2.0,891543191
236,69,5.0,890116426
298,99,3.0,884127249
335,288,4.0,891566952
454,161,4.0,888267198
88,886,5.0,891038103
233,249,5.0,883356871
454,487,4.0,888266565
454,484,3.0,881960445
228,690,5.0,889387173
208,186,4.0,883108518
351,286,5.0,879481386
261,304,3.0,890454941
462,682,5.0,886365231
29,294,4.0,882820730
228,98,3.0,889388607
247,28,5.0,893097024
454,87,4.0,881960296
384,347,4.0,891273509
454,1299,2.0,888266991
460,10,3.0,882912371
384,748,4.0,891274028
208,70,3.0,883108430
120,125,4.0,889490447
462,895,4.0,886365297
231,289,4.0,888605273
298,511,4.0,884127690
335,333,4.0,891566952
247,269,4.0,893097024
460,327,4.0,882912418
335,258,1.0,891566808
454,479,4.0,881959991
233,509,4.0,877663646
105,324,4.0,889214245
179,893,2.0,892151565
233,501,3.0,877663383
233,603,4.0,880190566
460,257,2.0,882912342
54,829,2.0,880937311
413,326,3.0,879969027
233,71,5.0,876812281
298,471,4.0,884125847
454,144,4.0,888266643
233,584,4.0,877663548
319,340,3.0,879975481
236,659,3.0,890116599
351,751,4.0,883356614
335,313,3.0,891566808
175,100,2.0,877107712
105,288,4.0,889214335
460,744,3.0,882912261
27,50,3.0,891542897
236,504,3.0,890118075
233,506,5.0,877663337
105,270,5.0,889214245
298,183,3.0,884182600
460,275,3.0,882912261
460,20,4.0,882912469
319,307,4.0,879975504
454,705,3.0,881959818
418,344,1.0,891282521
233,483,5.0,876021170
88,308,4.0,891037396
233,828,4.0,875508169
454,286,3.0,881958782
266,268,4.0,892256828
454,51,2.0,888267158
454,315,4.0,888015651
133,308,4.0,890588639
175,64,5.0,877107552
454,310,4.0,881958464
454,174,4.0,888266643
418,331,3.0,891282521
175,661,4.0,877107432
351,288,3.0,879481550
196,70,3.0,881251842
454,164,3.0,881960265
112,301,3.0,884992566
418,302,2.0,891282551
351,326,5.0,879481589
208,97,4.0,883108797
454,875,1.0,888266433
179,321,1.0,892151331
460,297,3.0,882912342
384,989,4.0,891273905
454,1454,2.0,888266907
454,945,3.0,881960083
54,272,5.0,890608175
351,327,5.0,883356684
454,507,3.0,881960265
236,1401,3.0,890116335
236,523,2.0,890116221
413,181,5.0,879969591
54,340,4.0,890608225
54,7,4.0,880935294
196,66,3.0,881251911
298,864,3.0,884183912
335,305,4.0,891566861
236,210,2.0,890118153
54,25,4.0,880936500
120,15,4.0,889490244
236,1039,2.0,890115996
454,378,3.0,888267128
454,153,3.0,888267521
179,302,4.0,892151173
462,358,1.0,886365638
27,286,3.0,891543393
460,129,3.0,882912261
112,879,4.0,884992566
454,607,2.0,888267315
418,315,2.0,891282521
454,746,2.0,881959778
112,269,3.0,884992651
196,257,2.0,881251577
179,917,3.0,892151231
298,483,5.0,884125441
54,24,1.0,880937311
298,705,4.0,884182148
384,878,4.0,891274962
266,285,4.0,892257940
483,237,3.0,878953019
54,471,4.0,880937399
236,132,4.0,890115897
175,193,4.0,877108098
298,527,5.0,884182725
196,108,4.0,881252110
335,902,5.0,891566808
483,144,2.0,878954228
454,82,4.0,881960446
384,328,4.0,891274091
454,245,3.0,881958782
454,172,2.0,888266906
454,173,2.0,888267028
460,286,4.0,882910838
319,269,3.0,875707746
460,289,4.0,882910838
236,203,4.0,890116132
454,1003,2.0,881960446
236,211,3.0,890116539
133,272,5.0,890588672
384,271,4.0,891283502
454,88,4.0,888267560
462,289,5.0,886365837
236,432,5.0,890118251
133,346,3.0,890588577
236,483,5.0,890116221
413,257,4.0,879969592
27,244,3.0,891543222
319,268,4.0,889816026
196,202,3.0,881251728
460,532,3.0,882912370
298,194,5.0,884127249
462,332,5.0,886365706
236,476,3.0,890117308
454,605,2.0,888267487
503,181,5.0,879438319
418,258,5.0,891282551
503,1316,1.0,892667252
175,234,5.0,877108015
261,301,4.0,890454246
462,678,3.0,886365335
503,69,4.0,880383679
231,255,3.0,879965760
454,519,2.0,888267455
179,690,1.0,892151489
483,181,4.0,878950971
483,900,3.0,885170586
233,261,5.0,883356913
105,748,2.0,889214406
454,482,3.0,881960230
233,640,2.0,875508639
319,306,4.0,879975504
175,147,3.0,877108146
454,196,2.0,881959778
454,707,3.0,881959576
233,192,5.0,875508485
454,323,2.0,881958783
236,591,4.0,890117029
298,294,3.0,884184024
88,311,5.0,891037336
120,258,5.0,889490124
298,58,4.0,884182725
503,659,5.0,880472148
503,900,5.0,892667389
105,690,3.0,889214306
503,194,4.0,880472591
236,496,3.0,890116499
503,164,3.0,880472507
233,47,5.0,877661881
413,302,2.0,879968794
483,462,3.0,884047754
266,25,3.0,892257940
413,236,4.0,879969557
208,194,5.0,883108360
384,316,5.0,891274055
503,127,5.0,879438161
454,404,3.0,888267590
454,234,3.0,888267087
236,225,3.0,890117465
179,307,3.0,892151565
196,340,3.0,881251045
298,430,5.0,884182657
233,14,4.0,876021262
413,284,4.0,879969709
454,258,4.0,881958402
105,264,2.0,889214491
261,687,5.0,890455020
454,642,2.0,888267419
351,300,5.0,879481425
454,11,1.0,888266433
483,250,3.0,878952837
454,257,4.0,881959276
454,197,4.0,881959961
503,173,5.0,880383357
298,134,5.0,884182966
413,9,4.0,879969591
483,249,2.0,878952866
298,23,4.0,884183236
233,378,4.0,877663429
298,318,5.0,884182657
112,321,3.0,884992484
483,449,3.0,878953593
503,137,5.0,879438072
266,286,4.0,892256662
236,216,5.0,890116163
351,245,3.0,879481550
460,1115,3.0,882912235
483,313,2.0,884046430
236,673,4.0,890116132
105,271,2.0,889214245
454,100,4.0,881959917
454,143,4.0,881960230
483,271,3.0,881273325
112,339,4.0,892439990
298,1,5.0,884126061
454,509,2.0,881960230
351,1024,4.0,879481495
105,313,5.0,889214193
454,651,4.0,881960083
208,996,3.0,883108684
298,79,5.0,884182685
233,196,5.0,880610814
503,54,2.0,879454950
460,301,3.0,882910579
503,402,3.0,880383467
454,79,4.0,881960083
454,1269,3.0,881959698
236,462,4.0,890115933
120,121,4.0,889490290
503,281,3.0,879454576
483,277,3.0,878952636
236,685,2.0,890117308
351,322,5.0,879481589
418,899,5.0,891282706
454,686,2.0,888267280
454,50,4.0,881959144
133,313,3.0,890588524
460,322,3.0,882910722
454,56,3.0,888267590
454,736,3.0,888266991
413,245,2.0,879969027
384,313,5.0,891273683
454,272,5.0,888007255
54,291,1.0,891898613
27,148,3.0,891543129
454,531,2.0,888266785
36,358,5.0,882157581
454,326,4.0,881958362
454,631,2.0,888267643
233,527,5.0,877665324
454,427,4.0,881960173
454,735,2.0,888267387
503,182,3.0,880472321
88,300,3.0,891037466
454,568,4.0,888266906
503,313,5.0,884637568
133,749,4.0,890588720
208,739,4.0,883108873
233,223,4.0,875508225
298,257,4.0,884126240
454,490,2.0,888266754
236,151,2.0,890116964
236,275,3.0,890116499
351,880,2.0,879481460
298,133,3.0,884125093
503,153,2.0,880472250
454,215,4.0,881959917
236,56,5.0,890116254
36,289,2.0,882157356
351,343,3.0,883356591
112,323,3.0,884992651
36,333,4.0,882157227
233,197,5.0,877663303
233,8,3.0,877663612
454,837,2.0,888267315
454,96,4.0,888266600
233,91,3.0,876812281
228,938,1.0,889387173
266,275,5.0,892257831
454,133,4.0,881959652
460,146,4.0,882912370
233,204,5.0,880923202
454,685,3.0,888267198
233,129,3.0,876374463
36,875,3.0,882157470
454,228,3.0,881959960
503,88,4.0,880383468
454,250,4.0,881959238
454,566,4.0,888267087
413,275,5.0,879969557
384,289,5.0,891283502
551,684,5.0,892783212
551,578,5.0,892784672
112,1106,4.0,892439835
551,756,1.0,892784437
454,210,4.0,881960361
551,405,3.0,892783612
503,385,1.0,880472298
460,302,4.0,882910837
88,1191,5.0,891038103
551,552,3.0,892784259
551,13,1.0,892783411
454,203,2.0,888267487
454,654,2.0,888267419
454,1107,4.0,888267617
175,419,5.0,877108098
298,118,4.0,884183016
454,248,3.0,881959238
503,514,3.0,880472102
298,97,4.0,884183063
120,117,3.0,889490979
351,289,5.0,879481613
503,607,5.0,880472272
460,311,5.0,882912418
454,131,3.0,881960330
54,1,4.0,880931595
551,690,5.0,892775584
454,434,3.0,888267387
551,365,5.0,892784524
460,149,4.0,882912174
551,864,5.0,892785091
503,241,5.0,880383425
454,485,4.0,888267386
551,286,4.0,892775466
551,458,2.0,892784166
503,747,3.0,880383424
551,31,4.0,892783451
266,14,4.0,892258004
454,194,3.0,881959698
483,405,3.0,878952966
454,655,3.0,881959746
351,678,4.0,879481675
454,97,4.0,881960029
503,97,4.0,880383424
483,286,3.0,878950353
54,930,1.0,880937813
454,692,5.0,888267158
551,950,2.0,892783861
351,341,4.0,879481425
551,260,5.0,892775869
551,576,2.0,892784743
551,223,4.0,892776650
551,292,3.0,892775612
551,581,5.0,892783972
551,181,2.0,892778074
551,22,5.0,892776650
557,262,2.0,882458820
503,561,5.0,879454977
557,166,4.0,881179397
503,382,4.0,880383174
454,496,4.0,881959991
413,250,3.0,879969674
503,488,5.0,880472216
236,127,5.0,890116032
454,70,4.0,888267419
112,887,5.0,884992444
483,199,3.0,882165665
551,132,5.0,892777583
564,1399,2.0,888718470
236,176,2.0,890115933
454,318,5.0,881959576
551,561,5.0,892785363
551,318,5.0,892776824
54,295,3.0,880936905
29,300,3.0,882820897
236,9,5.0,890116792
557,294,3.0,880484929
454,474,4.0,881959917
454,1,3.0,881959818
460,14,5.0,882912418
208,310,4.0,883108105
261,125,5.0,890456142
29,286,5.0,882820663
454,12,3.0,881960114
551,274,2.0,892783488
454,58,4.0,881960029
335,323,4.0,891567125
551,237,4.0,892777825
454,603,4.0,881959876
483,612,3.0,878953751
29,480,4.0,882821989
454,28,4.0,888267560
503,405,3.0,879438685
551,582,5.0,892783749
557,8,5.0,881179653
564,333,3.0,888718521
551,91,1.0,892783025
572,300,4.0,879449243
454,661,4.0,881959991
503,233,5.0,879454811
483,538,2.0,886470912
551,316,5.0,892696165
564,750,3.0,888718771
247,300,2.0,893081411
236,692,4.0,890116670
454,118,4.0,888267128
557,257,2.0,880485764
551,566,5.0,892783212
302,301,4.0,879436820
503,654,5.0,879454753
557,508,4.0,880485956
551,121,5.0,892783411
503,714,4.0,880383126
551,161,5.0,892782936
460,713,4.0,882912469
462,271,1.0,886365928
454,121,4.0,888267128
551,50,2.0,892776336
564,827,3.0,888731038
88,319,3.0,891037708
551,135,5.0,892778129
298,514,4.0,884182989
196,287,3.0,881251884
454,316,4.0,888015879
551,616,5.0,892777052
503,246,5.0,884638548
302,680,2.0,879437035
460,676,4.0,882912285
551,15,5.0,892782936
228,750,3.0,889388440
208,517,3.0,883108398
228,137,1.0,889388662
503,20,5.0,879438285
54,546,3.0,880937583
580,825,4.0,884125339
551,959,5.0,892784166
88,313,3.0,891037201
54,181,5.0,880931358
460,591,2.0,882911603
503,176,5.0,879454754
551,307,4.0,892775516
351,888,4.0,879481589
551,742,5.0,892782838
551,238,5.0,892777638
503,204,3.0,880383703
36,288,4.0,882157227
236,435,4.0,890115966
590,285,5.0,879438735
503,778,5.0,892667730
233,275,5.0,885147637
503,45,5.0,880383064
454,76,1.0,888266433
298,588,4.0,884125022
105,340,3.0,889214245
551,185,5.0,892777885
551,355,4.0,892776041
460,7,3.0,882912205
236,174,3.0,890116539
233,143,4.0,877663383
105,327,4.0,889214406
302,988,2.0,879436875
196,116,3.0,881251753
503,134,5.0,880383588
551,203,5.0,892782975
551,746,5.0,892777013
503,430,5.0,880383653
54,288,4.0,880928957
551,340,4.0,892775584
602,678,4.0,888638193
298,530,5.0,884182600
483,365,2.0,878953277
175,12,4.0,877108146
590,221,4.0,879439645
261,243,5.0,890454351
580,7,3.0,884124844
236,423,5.0,890116304
29,879,3.0,882821161
29,661,5.0,882821942
551,62,5.0,892784524
503,416,2.0,880472250
351,323,5.0,883356710
551,1267,4.0,892783906
413,508,4.0,879969484
454,968,2.0,888267198
454,836,2.0,888266785
503,1194,5.0,879438072
551,343,4.0,892775869
247,222,3.0,893081411
351,301,3.0,879481424
319,750,3.0,889816107
29,79,4.0,882821989
551,241,4.0,892783057
384,333,4.0,891273509
580,148,4.0,884125773
233,194,4.0,877663913
120,237,3.0,889490172
551,991,2.0,892775935
460,293,4.0,882911603
175,508,1.0,877107712
27,118,3.0,891543222
454,195,4.0,888266810
551,1518,4.0,892785363
454,277,2.0,881959960
462,321,5.0,886365734
454,419,4.0,881959917
503,156,1.0,880472250
551,193,5.0,892777363
483,275,4.0,878951388
483,12,2.0,878953999
503,248,4.0,884638469
460,221,4.0,882912285
557,343,4.0,881095995
233,623,3.0,876374602
551,755,4.0,892784008
36,873,3.0,882157386
551,127,5.0,892776420
454,270,4.0,881958606
551,43,2.0,892784976
551,423,1.0,892782975
454,191,4.0,888266724
551,692,4.0,892777092
120,1,4.0,889490412
196,382,4.0,881251843
335,307,5.0,891566952
551,944,2.0,892784320
503,121,3.0,879438707
551,955,3.0,892783411
503,498,5.0,880383588
261,288,4.0,890454087
580,358,4.0,884124472
351,689,4.0,879481386
557,254,4.0,880485908
580,300,3.0,884124103
120,827,2.0,889490979
557,271,4.0,881179557
551,25,1.0,892783366
551,471,5.0,892783365
602,304,4.0,888638022
551,273,4.0,892782865
351,311,4.0,879481589
208,371,5.0,883108842
551,719,1.0,892784898
551,1067,2.0,892785091
231,1,3.0,879965704
557,127,4.0,880485718
590,754,3.0,879438686
551,1087,1.0,892784437
54,255,3.0,882153415
551,748,4.0,892775612
483,20,2.0,878952993
236,318,5.0,890116539
298,603,5.0,884125093
551,2,2.0,892784780
590,150,5.0,879438878
483,107,3.0,878951717
384,751,4.0,891274091
483,432,3.0,884047278
551,550,5.0,892784130
580,329,3.0,884124191
460,303,3.0,882910553
196,285,5.0,881251753
551,698,4.0,892782734
233,432,3.0,877663383
233,234,4.0,877664010
179,333,5.0,892151459
298,127,5.0,884125847
551,317,5.0,892777092
54,328,4.0,880928957
551,651,4.0,892776750
580,1028,3.0,884125829
483,109,5.0,882165734
319,689,3.0,881355802
483,270,3.0,891917351
503,435,3.0,880472125
590,864,1.0,879439567
454,693,2.0,888267315
335,748,2.0,891567098
298,186,4.0,884183256
454,740,2.0,888266433
551,447,5.0,892783711
557,872,5.0,881095916
454,451,4.0,888267455
590,244,3.0,879439431
551,384,1.0,892785223
602,125,4.0,888638674
572,1010,2.0,879449683
454,107,3.0,888267087
551,1207,1.0,892785300
179,362,1.0,892151231
460,253,3.0,882912316
551,808,3.0,892783791
233,203,3.0,880923202
551,1314,2.0,892783750
454,357,3.0,881959844
351,328,4.0,879481550
413,300,4.0,879968959
551,79,5.0,892776824
590,276,4.0,879439645
133,300,3.0,890588577
298,435,5.0,884182573
298,951,4.0,884183130
551,42,5.0,892783212
642,70,2.0,886132189
120,742,4.0,889490549
590,1017,4.0,879439196
335,355,3.0,891567053
418,288,5.0,891282836
642,1039,5.0,885602630
27,9,4.0,891542942
483,99,3.0,884047323
572,1137,3.0,879449708
503,479,4.0,880383653
642,951,3.0,886568618
298,22,4.0,884182965
642,38,4.0,885843141
460,273,4.0,882912371
551,715,1.0,892785128
454,612,3.0,881960145
298,866,3.0,884183930
454,356,1.0,888267279
54,338,3.0,880929490
642,921,5.0,885603849
642,746,3.0,885602483
551,780,5.0,892785431
551,334,4.0,892775970
261,321,3.0,890455521
551,354,3.0,892775752
564,121,4.0,888730534
454,520,4.0,881959607
551,56,5.0,892776450
483,1,4.0,878950971
460,258,3.0,882910637
551,846,3.0,892783942
642,720,5.0,885606787
233,95,5.0,877661496
551,1035,2.0,892778244
642,728,4.0,886131674
642,1469,4.0,886568725
54,151,2.0,880936670
580,294,4.0,884124337
642,132,3.0,885603636
551,291,4.0,892778337
351,748,4.0,879481613
580,123,4.0,884125199
298,205,5.0,884181969
551,658,5.0,892783559
413,270,4.0,879969027
503,168,5.0,880383624
462,313,5.0,886365231
642,105,5.0,885606482
335,300,5.0,891567029
298,393,4.0,884183099
236,866,3.0,890117223
551,825,5.0,892784049
175,172,5.0,877107339
642,1033,3.0,886569278
36,1026,5.0,882157581
454,649,2.0,888267279
642,1415,4.0,886569783
551,268,4.0,892775516
642,768,4.0,885606609
335,342,2.0,891566976
590,126,5.0,879439316
642,210,5.0,885842610
319,259,2.0,889816172
642,135,3.0,886131953
231,471,5.0,888605273
454,454,3.0,881959745
413,877,3.0,879969100
551,527,5.0,892777123
551,98,5.0,892776524
179,340,4.0,892151064
651,292,2.0,879348881
551,1079,1.0,892785431
551,912,3.0,892775723
642,443,2.0,885603870
503,640,1.0,880383201
413,15,4.0,879969709
572,1171,3.0,879449734
503,205,4.0,880472344
551,234,4.0,892777092
503,318,5.0,880383679
462,310,5.0,886365197
642,97,4.0,885602418
454,497,3.0,881959876
551,222,5.0,892783411
462,315,4.0,886365837
642,1023,3.0,885842351
642,133,5.0,886206274
642,50,5.0,885604280
112,937,4.0,884992801
551,174,4.0,892776650
551,240,3.0,892784673
642,151,3.0,886568791
580,281,2.0,884126077
551,183,4.0,892776824
36,878,5.0,882157581
413,269,4.0,879968793
551,12,4.0,892776419
642,375,1.0,886131744
642,258,3.0,885601865
642,72,4.0,885843087
642,468,3.0,886568479
557,1070,2.0,884357600
247,259,3.0,893081411
384,300,4.0,891273809
454,1190,3.0,881959437
551,1376,1.0,892784524
551,827,5.0,892784710
503,38,3.0,879454977
651,306,5.0,880126473
503,558,5.0,880383098
642,501,2.0,885603740
642,966,5.0,886569140
483,197,3.0,878953815
105,302,5.0,889214193
503,186,5.0,880472061
298,143,5.0,884182966
454,73,3.0,888267521
483,230,5.0,878953592
483,450,4.0,878953593
462,288,5.0,886365260
454,873,2.0,881958782
551,479,3.0,892776380
642,596,5.0,885604113
319,751,3.0,889816136
460,294,2.0,882910637
236,196,1.0,890115966
551,975,5.0,892784130
590,100,5.0,879438825
551,156,5.0,892777723
503,526,3.0,880472188
551,875,4.0,892775970
351,332,5.0,879481495
236,429,1.0,890118632
551,80,1.0,892785300
298,168,5.0,884182933
503,482,5.0,880383588
462,22,5.0,886365498
247,1022,4.0,893097024
29,182,4.0,882821989
642,1011,3.0,885842351
462,300,5.0,886365260
179,288,5.0,892151489
551,717,3.0,892785164
551,118,5.0,892784008
454,478,2.0,888267487
261,245,4.0,890454190
413,690,4.0,879968793
133,902,3.0,890588672
551,591,5.0,892783612
646,690,3.0,888528417
551,172,2.0,892778164
642,1181,2.0,885607143
133,243,3.0,890589035
54,307,4.0,891813846
551,505,5.0,892777397
642,1178,3.0,885606067
460,250,2.0,882912261
642,552,4.0,886569347
646,304,3.0,888529014
298,946,3.0,884182868
642,53,2.0,885604940
646,682,3.0,888529153
642,65,4.0,886132172
236,750,5.0,890117676
564,345,4.0,888718521
454,660,3.0,888267128
642,259,5.0,885605095
236,181,4.0,890115933
572,476,4.0,879449573
236,934,4.0,890117570
551,1169,4.0,892778297
231,597,3.0,879966146
642,1079,5.0,885605987
551,421,4.0,892778202
642,240,3.0,885606137
454,435,2.0,881960145
551,402,4.0,892784049
175,133,4.0,877107390
503,840,1.0,879454292
646,346,2.0,888528392
642,623,4.0,886570010
460,248,4.0,882912342
551,38,1.0,892784553
557,892,3.0,884357648
454,431,3.0,888266991
483,1152,4.0,893098572
454,414,2.0,888267226
602,871,3.0,888638589
133,245,3.0,890588878
642,22,4.0,885602285
298,604,5.0,884127720
196,1241,3.0,881251642
642,294,5.0,885601998
557,299,4.0,881095916
413,471,4.0,879969642
590,1129,3.0,879438735
454,255,4.0,881959276
384,329,3.0,891273761
503,125,3.0,880390153
503,387,4.0,880383358
233,735,5.0,880610635
233,100,4.0,877661294
551,476,5.0,892784259
454,939,2.0,888267386
460,1,2.0,882911203
557,288,1.0,884357600
551,230,5.0,892782901
503,297,5.0,879438346
551,431,4.0,892777583
642,826,5.0,888963032
642,996,2.0,885605932
460,127,4.0,882912150
551,693,5.0,892777943
646,683,3.0,888529014
557,150,3.0,881179621
602,50,5.0,888638460
503,210,5.0,880383703
551,979,4.0,892784479
551,3,5.0,892784093
503,216,5.0,880383357
319,332,4.0,876280289
642,80,5.0,885606557
551,455,1.0,892783525
298,153,3.0,884127369
196,1007,4.0,881251601
564,312,3.0,888718443
298,484,4.0,884182627
351,310,5.0,879481386
642,1029,3.0,885606271
684,64,4.0,878759907
454,211,2.0,888267158
503,729,3.0,880472454
642,142,4.0,886569380
503,485,4.0,880472383
551,5,4.0,892783314
112,272,5.0,886398204
418,895,4.0,891282595
462,11,5.0,886365498
551,332,4.0,892775547
460,458,2.0,882911603
691,603,5.0,875543191
684,147,2.0,878232961
503,50,5.0,879438161
460,307,4.0,882912418
684,38,3.0,878759635
460,1251,3.0,882912285
483,195,3.0,878954753
580,471,3.0,884125018
551,157,4.0,892782765
580,405,2.0,884126077
551,313,4.0,892775389
590,744,4.0,879438769
503,280,1.0,892667653
236,191,4.0,890116335
236,207,3.0,890116221
302,748,1.0,879436739
590,475,4.0,879439645
454,614,3.0,888267590
551,176,4.0,892776876
551,180,5.0,892777052
642,44,3.0,885603870
454,69,4.0,881959818
590,255,1.0,879439374
29,264,3.0,882820897
684,553,4.0,878760305
551,76,4.0,892778202
503,1317,4.0,879438874
551,917,3.0,892775466
208,86,2.0,883108895
642,1028,4.0,885605735
580,546,1.0,884126077
557,58,4.0,880555684
684,48,4.0,875812176
503,321,2.0,879438024
590,15,3.0,879438936
642,570,1.0,886131332
642,63,3.0,885606090
483,180,2.0,878954086
642,462,4.0,886455357
642,527,4.0,886207132
551,943,5.0,892783451
236,328,5.0,890117711
642,1076,2.0,885606648
298,211,5.0,884125093
551,728,2.0,892785331
642,88,5.0,886131546
642,139,1.0,886569417
483,229,3.0,878953485
551,685,1.0,892782901
642,364,5.0,885843025
684,161,3.0,878760137
642,148,5.0,885604163
602,988,4.0,888638248
642,68,3.0,885606765
233,633,5.0,877663185
266,321,3.0,892256892
551,595,2.0,892784744
54,100,5.0,880931595
590,14,5.0,879438852
454,89,1.0,888266433
642,769,5.0,885842903
454,1035,3.0,888266601
454,237,4.0,881960361
454,879,4.0,881958402
233,498,5.0,877663465
503,275,5.0,879438411
684,218,1.0,878232961
642,195,3.0,885602718
602,127,5.0,888638491
454,483,3.0,881960145
684,88,4.0,878761788
590,130,1.0,879439567
413,332,3.0,879968890
642,790,4.0,885605932
642,699,5.0,886568959
564,257,4.0,888731011
642,15,5.0,885602314
646,319,3.0,888529054
642,249,5.0,885604805
642,625,3.0,885603932
602,748,3.0,888638160
112,751,4.0,884992754
551,70,4.0,892783057
236,100,3.0,890116402
112,294,3.0,884992566
503,19,5.0,879438319
551,544,4.0,892784093
29,268,5.0,882820686
418,346,2.0,891282595
642,235,2.0,885606047
684,238,3.0,878759545
651,242,5.0,880126430
454,259,4.0,881958606
580,181,5.0,884125042
642,412,2.0,885606271
551,696,2.0,892785194
503,603,3.0,880383653
503,10,5.0,879438257
454,289,3.0,881958783
642,71,5.0,886131547
590,282,2.0,879439374
642,1413,3.0,886569809
551,144,5.0,892778035
714,282,4.0,892777903
454,657,3.0,881959876
208,66,4.0,883108477
503,427,5.0,880472216
503,451,4.0,880383425
642,959,5.0,885605794
684,520,4.0,875812065
454,1203,2.0,888267521
233,12,2.0,880610333
696,1176,4.0,886403631
684,186,4.0,878762087
684,121,3.0,875810574
503,132,5.0,880472148
557,269,3.0,881179139
483,116,3.0,878951532
642,1473,4.0,886568874
483,380,3.0,878953592
642,541,5.0,885607028
551,554,5.0,892783906
551,217,1.0,892784093
642,250,5.0,886131457
503,615,5.0,880472061
460,1380,3.0,882912469
236,64,5.0,890116163
684,934,3.0,875811158
642,29,5.0,886454812
557,327,3.0,882458785
454,392,2.0,888266991
564,344,4.0,888718521
725,1197,3.0,876106243
684,371,2.0,878576866
503,443,5.0,879454811
460,276,5.0,882912418
642,597,4.0,885607065
233,588,5.0,877661553
454,528,4.0,881959818
454,300,4.0,881958326
691,1,5.0,875543346
551,1217,1.0,892784524
564,472,4.0,888730658
729,328,3.0,893286638
551,328,5.0,892775584
298,423,5.0,884183063
642,391,4.0,885607143
557,887,3.0,881179118
590,9,3.0,879438972
642,559,5.0,885604874
646,258,3.0,888528417
684,625,3.0,878760041
557,322,3.0,880485052
54,252,3.0,880937630
557,334,4.0,881179362
729,689,4.0,893286638
247,64,5.0,893097024
590,515,3.0,879438972
551,272,5.0,892775389
691,294,4.0,875542868
351,312,5.0,883356784
684,111,4.0,878760164
714,252,3.0,892777619
483,274,4.0,878953129
684,237,5.0,875811158
684,94,3.0,878762183
483,480,3.0,878953862
551,90,1.0,892784199
642,1285,4.0,886132043
551,331,5.0,892775584
233,318,5.0,877665324
642,729,3.0,885603566
590,287,4.0,879439645
236,97,5.0,890118228
454,526,4.0,881959698
642,1219,4.0,885603932
642,218,3.0,886130929
642,1,5.0,885603565
454,1105,3.0,888015988
742,258,5.0,881005590
454,742,3.0,888267315
551,24,5.0,892783142
651,268,2.0,880126473
642,56,4.0,885602656
564,831,3.0,888730658
460,242,4.0,882910838
351,989,4.0,883356684
684,722,2.0,878762302
454,77,4.0,888266955
551,1419,1.0,892785332
590,125,3.0,879439509
298,208,5.0,884182867
503,70,4.0,880383174
551,11,5.0,892777052
590,127,4.0,879439645
175,195,3.0,877107790
503,753,1.0,880383064
503,504,4.0,880472298
179,300,4.0,892151231
503,702,2.0,880383236
646,347,2.0,888528392
691,56,4.0,875543025
462,259,3.0,886365773
266,319,2.0,892256765
646,1237,3.0,888529127
413,328,3.0,879968933
731,197,5.0,886185743
642,1480,1.0,886569922
233,293,4.0,877660832
696,523,5.0,886404542
233,371,5.0,880190399
551,216,5.0,892777609
642,585,5.0,885606178
557,325,3.0,880485074
564,300,4.0,888718470
483,318,3.0,884046480
691,170,5.0,875543395
642,233,4.0,885606964
384,302,5.0,891273509
691,8,2.0,875543346
503,739,1.0,880383490
454,22,4.0,881959844
503,285,4.0,884637911
551,849,5.0,892785128
642,89,2.0,886455538
564,597,4.0,888730699
590,13,4.0,879438972
714,181,5.0,892777876
642,565,4.0,886569870
642,579,4.0,885606537
642,444,1.0,886569417
413,936,4.0,879969484
503,133,5.0,880472272
580,289,5.0,884124382
572,289,3.0,879449277
454,694,2.0,888266874
247,750,4.0,893081381
684,239,4.0,878762118
714,255,2.0,892777140
572,277,1.0,879449799
298,523,4.0,884182774
551,117,5.0,892782807
483,582,3.0,887677797
454,199,3.0,881960413
503,740,5.0,879438411
551,710,5.0,892777753
298,88,5.0,884183236
551,235,1.0,892784629
551,188,5.0,892783672
551,55,5.0,892777753
684,204,4.0,875812299
460,515,5.0,882912418
557,180,5.0,881179653
551,282,5.0,892777092
602,181,5.0,888638547
714,121,4.0,892777903
651,286,4.0,879348880
88,880,3.0,891037466
557,96,5.0,881179653
590,286,5.0,879439645
742,109,1.0,881335960
731,378,1.0,886187652
642,575,3.0,886454901
646,300,3.0,888528418
731,168,1.0,886185744
642,8,5.0,885603662
551,747,3.0,892783025
714,597,3.0,892777533
642,82,5.0,885602285
503,662,3.0,880383467
696,689,1.0,886404208
557,50,4.0,881095916
462,272,5.0,886365142
696,312,4.0,886404322
298,196,4.0,884182891
551,44,4.0,892777825
642,627,3.0,885606581
503,26,2.0,880383200
642,417,3.0,886568791
642,1140,4.0,886569732
731,510,1.0,886186091
642,974,3.0,886569765
731,192,5.0,886182457
175,11,5.0,877107339
551,627,3.0,892783906
454,162,3.0,888267315
503,319,3.0,879438024
551,195,5.0,892777052
483,290,3.0,878953199
684,402,3.0,878759310
551,572,1.0,892784672
691,98,4.0,875543281
233,521,5.0,877663071
454,169,4.0,888266955
88,898,4.0,891037859
551,315,5.0,892775389
462,323,2.0,886365837
731,183,1.0,886185744
642,1063,3.0,885603740
266,245,1.0,892257446
731,357,5.0,886187538
454,15,2.0,881960029
768,173,5.0,883835053
298,284,4.0,884126240
175,50,5.0,877107138
503,452,1.0,879454950
196,411,4.0,881252090
236,427,5.0,890118153
551,95,5.0,892783791
714,477,2.0,892777408
413,303,5.0,879968793
551,227,5.0,892783488
551,1047,4.0,892785264
233,504,5.0,877663128
302,294,1.0,879436911
731,487,4.0,886184682
725,264,1.0,876103811
179,1127,1.0,892151270
460,1142,4.0,882911203
462,237,5.0,886365387
642,1036,4.0,885606234
572,121,2.0,879449610
454,134,3.0,881959991
684,181,4.0,875810999
503,14,3.0,879438161
551,735,5.0,892783110
696,883,4.0,886404208
642,624,3.0,885606608
551,68,2.0,892783972
731,393,5.0,886183978
551,182,5.0,892776824
642,403,4.0,886454812
551,186,5.0,892783142
503,286,3.0,879438191
602,148,4.0,888638517
642,485,5.0,885602612
572,13,4.0,879449763
133,750,4.0,890588720
646,313,5.0,888528457
175,186,4.0,877107790
580,252,5.0,884125829
233,216,5.0,877665357
233,187,4.0,876021170
642,120,3.0,886206256
714,871,3.0,892777903
684,70,4.0,878761788
319,346,3.0,889816026
460,847,3.0,882912205
580,100,3.0,884124872
454,678,2.0,881958782
731,216,5.0,886184682
564,289,4.0,888718546
646,892,2.0,888529180
551,356,4.0,892783829
233,50,3.0,876021213
602,895,3.0,888637925
642,99,2.0,885602446
642,815,4.0,892241051
503,166,5.0,880472188
725,245,4.0,876103793
784,269,5.0,891387155
768,282,4.0,880135987
642,1531,3.0,886569226
551,411,1.0,892784437
642,392,4.0,886132237
462,292,5.0,886365260
413,50,5.0,879969674
731,205,1.0,886187652
503,423,5.0,880472321
642,395,5.0,885604187
646,310,3.0,888528483
298,504,3.0,884127249
454,659,2.0,888267028
551,198,5.0,892778035
580,455,4.0,884125492
768,278,2.0,883835210
454,293,4.0,881959238
642,125,4.0,885603586
551,150,3.0,892782807
642,731,5.0,885605909
714,237,3.0,892776261
133,316,4.0,890588928
384,327,4.0,891273761
731,507,3.0,886184771
642,722,3.0,885606113
646,315,4.0,888528483
454,55,2.0,888267617
684,401,3.0,878762302
784,307,4.0,891387623
768,340,2.0,879523820
551,708,1.0,892783830
503,732,3.0,880383467
413,258,4.0,879968794
729,333,4.0,893286638
551,204,4.0,892777673
731,95,3.0,886183978
462,100,4.0,886365387
602,257,4.0,888638618
642,845,5.0,891318088
642,1509,2.0,885606270
642,1503,2.0,885602446
731,462,5.0,886186568
784,678,4.0,891387895
642,1014,5.0,886131547
551,762,5.0,892784130
642,367,5.0,885605866
696,305,4.0,886403578
551,1139,4.0,892785263
684,1283,3.0,875811708
742,321,3.0,881005611
551,1443,5.0,892784942
696,344,5.0,886403672
54,346,4.0,890608303
557,300,4.0,881095916
557,198,5.0,881179513
642,451,5.0,885605794
742,117,2.0,881335528
714,472,2.0,892777730
196,153,5.0,881251820
454,423,4.0,881959607
551,924,5.0,892783451
731,194,3.0,886183681
454,185,2.0,881960265
29,326,2.0,882820869
551,774,5.0,892783314
684,692,4.0,878576614
462,330,3.0,886365803
642,542,5.0,885606609
642,143,5.0,885603018
642,138,4.0,886570173
551,448,4.0,892783242
503,432,5.0,880472102
298,193,5.0,884182867
714,289,3.0,892778092
696,315,5.0,886403578
236,133,5.0,890116059
731,504,3.0,886183209
731,153,3.0,886182555
557,750,4.0,884357373
454,260,1.0,888000454
551,739,4.0,892784710
580,687,3.0,884124583
551,72,5.0,892783972
233,511,5.0,876021120
642,174,5.0,885842594
642,1311,3.0,886569715
684,742,4.0,875810830
454,956,2.0,888266955
54,117,5.0,880935384
642,376,3.0,885606194
714,685,4.0,892777903
731,419,4.0,886183039
642,216,3.0,885603083
454,99,3.0,881960296
557,12,5.0,881179653
768,65,4.0,887305100
651,327,4.0,880126473
551,1135,5.0,892785331
454,961,1.0,888267279
684,1,4.0,875810928
503,268,5.0,884637610
236,117,3.0,890116818
642,463,3.0,885602232
691,50,4.0,875543191
564,323,3.0,888730838
551,77,3.0,892784130
503,12,3.0,879454675
236,255,3.0,890116747
768,1016,2.0,883834814
642,862,4.0,892241015
551,324,3.0,892775824
602,9,4.0,888638490
768,756,3.0,883835053
557,298,5.0,881095916
551,66,2.0,892783281
642,864,3.0,885605987
809,678,2.0,891037172
133,343,2.0,890589188
809,289,1.0,891037020
133,269,4.0,890588766
551,732,4.0,892783711
551,73,2.0,892784130
642,90,4.0,885606024
298,265,4.0,884127720
642,313,5.0,886454784
454,842,2.0,881960266
88,354,5.0,891037708
642,755,3.0,885603495
768,845,2.0,880135875
557,529,5.0,881179455
236,274,1.0,890117073
742,181,3.0,881335281
335,322,4.0,891567125
298,215,5.0,884182685
551,88,4.0,892783314
768,117,4.0,883834981
642,418,5.0,885606581
768,257,4.0,880136012
642,234,1.0,885603662
684,386,3.0,878759184
809,272,5.0,891036743
768,70,4.0,888798611
454,98,1.0,888266433
236,50,3.0,890116059
88,286,5.0,891037111
642,254,4.0,886454812
684,208,3.0,878761120
642,723,4.0,886132088
642,153,3.0,885602572
551,1621,1.0,892785194
602,121,4.0,888638434
731,1,2.0,886184421
266,237,3.0,892257940
642,83,5.0,885603636
580,250,5.0,884125072
742,508,4.0,881335461
642,168,5.0,885842943
602,457,3.0,888638305
742,1012,4.0,881335528
731,1269,3.0,886187652
642,577,4.0,886569870
454,724,3.0,888267158
729,683,2.0,893286511
302,358,3.0,879436981
236,98,5.0,890116253
580,1014,3.0,884125135
454,385,3.0,888266810
551,346,4.0,892775547
602,343,2.0,888638022
233,478,5.0,877661437
684,710,5.0,875812109
696,234,4.0,886404617
503,47,5.0,880472216
784,1038,3.0,891387704
768,50,4.0,883834705
725,258,4.0,876106729
768,1,5.0,883835025
551,28,4.0,892776982
233,23,5.0,877665324
714,50,5.0,892777876
714,7,4.0,892777903
684,728,2.0,878762243
483,151,2.0,878952582
551,351,3.0,892775894
551,147,4.0,892783525
236,505,3.0,890116575
768,1014,2.0,882816126
236,194,3.0,890116426
454,204,4.0,881960504
684,734,3.0,878762302
551,164,4.0,892776650
642,204,4.0,885602593
642,1049,3.0,885606271
580,249,5.0,884125243
696,310,4.0,886403673
551,751,4.0,892775797
768,275,4.0,880135736
642,49,4.0,885605909
642,409,5.0,885605909
742,250,3.0,881336006
580,323,2.0,884124383
454,322,2.0,881958782
784,303,4.0,891387077
551,232,5.0,892783365
196,13,2.0,881251955
564,50,4.0,888730974
642,1095,2.0,885606271
460,285,4.0,882912205
179,691,3.0,892151331
642,365,4.0,886569922
298,276,2.0,884183833
642,946,2.0,885606581
413,14,5.0,879969513
642,378,3.0,885603517
729,879,3.0,893286299
684,781,3.0,878762183
729,690,2.0,893286149
319,261,3.0,889816267
684,252,4.0,875812227
642,41,3.0,885605347
742,222,2.0,881336006
551,288,4.0,892775466
580,222,3.0,884125292
462,866,5.0,886365387
551,202,4.0,892783177
642,465,4.0,885603932
642,1126,1.0,885603495
503,25,4.0,879438685
642,377,3.0,886569809
454,124,4.0,881959960
551,205,5.0,892776575
822,1091,1.0,891038627
731,662,3.0,886183209
551,809,5.0,892784629
551,761,1.0,892785164
768,288,4.0,883834705
564,292,4.0,888718546
231,50,4.0,888605273
731,97,5.0,886183681
564,181,4.0,888730974
642,404,3.0,886569122
298,419,5.0,884182774
731,8,2.0,886184681
29,12,5.0,882821989
460,224,4.0,882911603
551,410,5.0,892784093
729,354,5.0,893286637
418,333,5.0,891282520
551,603,5.0,892776524
642,231,3.0,886454812
557,253,3.0,880485693
351,882,5.0,879481589
551,763,5.0,892784008
850,204,5.0,883194859
233,133,5.0,877661364
784,328,3.0,891387502
503,1,5.0,879438233
684,118,4.0,878760274
454,279,4.0,881960330
768,111,3.0,880136139
112,891,3.0,892439990
642,366,4.0,886131707
725,300,4.0,876106729
850,208,5.0,883194973
642,225,4.0,886569942
642,383,5.0,886570062
580,258,5.0,884124103
845,311,4.0,885409493
841,892,3.0,889067182
684,596,3.0,875812351
784,292,4.0,891387315
179,914,5.0,892151174
642,726,2.0,886570131
418,750,2.0,891282626
768,332,4.0,879523820
714,15,3.0,892777197
725,100,5.0,876106729
691,478,4.0,875543281
850,490,5.0,883194859
551,177,5.0,892777274
642,292,2.0,887663326
642,66,5.0,885603740
845,903,4.0,885409493
551,92,5.0,892783672
642,871,3.0,885605835
725,358,3.0,876103744
841,331,5.0,889066999
302,289,3.0,879436874
696,313,3.0,886403672
841,748,4.0,889067253
850,202,4.0,883194737
684,202,4.0,878759384
298,820,4.0,884183897
551,779,4.0,892785399
841,288,3.0,889067046
714,300,5.0,892778035
298,132,5.0,884182966
731,508,1.0,886186811
784,286,3.0,891386988
112,245,4.0,884992691
642,470,4.0,886206991
784,271,3.0,891387623
503,707,5.0,880382768
845,877,2.0,885409719
196,762,3.0,881251955
551,802,4.0,892784437
454,114,3.0,881960330
319,682,3.0,879977089
731,945,4.0,886183209
179,902,1.0,892151064
572,124,5.0,879449610
418,327,1.0,891282836
809,328,5.0,891036989
768,826,1.0,883835210
557,532,5.0,881095916
841,270,4.0,889067045
236,655,3.0,890116670
642,765,3.0,885606234
233,121,4.0,880190627
850,56,1.0,883195034
462,136,4.0,886365498
684,395,2.0,878762243
850,566,5.0,883195256
460,279,2.0,882912316
175,273,2.0,877107640
196,173,2.0,881251820
503,744,2.0,879454442
642,96,5.0,885842289
731,56,2.0,886179161
768,252,3.0,880136317
714,763,4.0,892777903
564,930,3.0,888730699
845,750,3.0,885409719
684,151,3.0,875810633
298,479,5.0,884182685
642,165,4.0,885604480
418,328,1.0,891282738
454,492,3.0,888266643
642,554,4.0,885842962
642,13,4.0,886206806
731,478,4.0,886182555
731,132,3.0,886182632
784,312,3.0,891387623
731,480,4.0,886187652
684,435,3.0,878761717
850,8,5.0,883195055
196,1022,4.0,881251143
684,365,4.0,878759820
714,405,5.0,892777876
841,353,1.0,889067253
112,346,5.0,891307980
642,423,3.0,885602506
236,88,2.0,890116709
29,312,4.0,882821705
642,949,1.0,885605834
642,843,3.0,886569682
551,1011,5.0,892783177
642,94,2.0,885605909
551,518,4.0,892783212
551,1059,3.0,892785128
841,286,5.0,889066959
684,225,3.0,875811341
236,370,3.0,890117353
822,333,4.0,891033747
642,166,5.0,885604434
551,26,4.0,892785056
231,313,3.0,888604920
551,187,5.0,892776450
691,524,5.0,875543153
642,78,3.0,886570084
233,614,4.0,877661437
196,845,4.0,881251954
564,313,4.0,888718415
784,270,3.0,891387249
580,871,4.0,884125135
483,121,2.0,878952692
247,7,4.0,893081395
841,272,4.0,889066780
454,117,3.0,888267343
684,117,4.0,875810999
684,82,5.0,875812227
696,307,5.0,886404144
768,354,3.0,888798611
784,321,3.0,891387249
845,1592,3.0,885409493
105,269,4.0,889214193
768,300,5.0,883835026
731,204,4.0,886184682
642,1066,3.0,885606608
642,1030,4.0,886570173
551,1039,4.0,892777013
714,1016,5.0,892777876
642,832,3.0,892240991
236,199,4.0,890118307
642,422,3.0,885606608
454,610,3.0,881959576
503,213,5.0,880383030
742,13,4.0,881335361
850,173,5.0,883195008
684,376,3.0,878762273
580,748,2.0,884126077
551,468,5.0,892783559
642,202,3.0,885842351
742,15,4.0,881335461
557,268,5.0,881179653
731,320,1.0,886186811
564,1034,3.0,888730838
642,942,4.0,886207151
298,210,5.0,884182891
590,237,3.0,879438911
642,1047,3.0,885606327
768,628,3.0,880136174
845,313,4.0,885409374
551,71,4.0,892783281
233,89,3.0,875508225
731,588,3.0,886184682
413,147,2.0,879969860
684,274,2.0,878759884
179,1234,1.0,892151459
580,15,3.0,884125339
298,333,5.0,884126600
768,591,4.0,883834945
483,257,2.0,878952519
850,300,5.0,883194367
850,210,5.0,883195301
413,286,5.0,879968793
557,337,5.0,881179653
841,754,4.0,889067045
454,193,2.0,881959818
642,1146,1.0,886570084
551,7,5.0,892777638
27,288,3.0,891543129
731,69,5.0,886179040
784,754,3.0,891387249
551,461,3.0,892778074
696,1062,4.0,886403631
551,470,5.0,892783711
642,1000,3.0,885602340
564,1016,2.0,888730699
646,893,3.0,888529080
642,1136,4.0,888123195
483,743,1.0,893098548
768,151,2.0,880135923
261,326,4.0,890454279
696,245,4.0,886404208
768,121,4.0,883834705
642,67,4.0,885843025
460,313,4.0,882910837
298,526,5.0,884182573
590,116,5.0,879439196
731,648,4.0,886183515
642,944,5.0,885605987
691,631,4.0,875543025
845,272,3.0,885409374
454,1126,2.0,888266955
768,966,4.0,883834814
551,796,4.0,892785264
642,1209,3.0,885606212
642,122,2.0,885606463
642,356,4.0,886132104
684,168,4.0,878761120
696,906,3.0,886403769
233,127,5.0,877661364
684,49,4.0,878762243
845,1434,4.0,885409719
731,196,5.0,886186811
731,427,5.0,886186940
572,319,4.0,879449209
503,277,4.0,879438580
236,179,1.0,890118417
503,1475,5.0,880382768
642,141,4.0,886568744
602,1,4.0,888638547
551,597,4.0,892784976
731,705,5.0,886182632
298,199,4.0,884127690
580,348,3.0,884124382
822,926,2.0,891040155
784,898,4.0,891387895
454,317,4.0,888267343
112,310,4.0,884992444
731,1503,5.0,886184578
454,66,4.0,888266685
233,435,5.0,877665324
642,560,4.0,886568978
850,172,5.0,883195301
729,288,2.0,893286261
580,1,3.0,884125243
551,570,4.0,892785264
841,323,3.0,889066880
503,226,5.0,879454841
895,597,2.0,879438101
454,468,3.0,888267087
642,473,1.0,886131585
845,269,4.0,885409493
551,596,5.0,892784049
642,679,2.0,885606986
319,301,4.0,875707721
642,732,4.0,885605538
729,748,4.0,893286638
684,178,4.0,878760250
742,50,4.0,881335248
646,332,3.0,888528870
557,197,5.0,881179653
684,282,4.0,875811274
454,136,3.0,881959745
850,969,5.0,883194908
845,1463,1.0,885409374
233,168,5.0,877663302
642,156,1.0,886454965
460,117,3.0,882912342
551,357,5.0,892777274
684,100,4.0,875810574
503,234,5.0,879454675
725,15,4.0,876106206
642,739,5.0,886568838
454,627,2.0,888267643
551,281,5.0,892784320
454,465,3.0,888267343
175,88,4.0,877108146
551,168,5.0,892777723
729,901,1.0,893286491
742,237,4.0,881335960
642,1179,3.0,885606048
54,240,4.0,880936500
850,228,5.0,883195394
850,15,5.0,883195256
768,405,4.0,883834883
298,174,5.0,884125022
845,1394,4.0,885409719
503,736,4.0,880383174
551,460,3.0,892784320
850,663,2.0,883194768
696,347,1.0,886403578
454,202,3.0,881960201
809,286,4.0,891036809
551,159,4.0,892784743
642,386,5.0,885605932
54,245,4.0,880929738
454,222,3.0,888266785
845,1022,2.0,885409493
642,102,5.0,885603849
590,6,5.0,879439145
454,402,3.0,888267419
503,293,4.0,879438411
557,292,4.0,880485019
454,48,4.0,881960114
179,682,5.0,892151459
642,651,4.0,885602571
602,237,4.0,888638547
731,434,1.0,886186811
642,2,4.0,885606787
822,408,5.0,891037291
572,9,5.0,879449610
642,801,3.0,885605794
845,900,3.0,885409719
850,174,5.0,883195419
822,1240,3.0,891036703
651,294,1.0,879348880
551,69,4.0,892776982
112,313,5.0,884992444
29,1019,4.0,882821989
642,783,4.0,885606024
725,181,4.0,876106206
551,636,5.0,892784130
247,121,4.0,893081396
228,286,5.0,889387172
462,261,2.0,886365773
602,538,4.0,888638048
105,343,2.0,889214524
460,298,2.0,882912440
602,358,4.0,888637965
895,284,3.0,879438062
940,193,3.0,885921893
642,237,5.0,885603870
551,84,1.0,892785020
642,571,3.0,885606113
454,480,4.0,881959652
551,451,1.0,892784976
940,568,3.0,885921870
696,427,5.0,886404542
940,14,3.0,885921710
942,117,4.0,891282816
940,205,3.0,885921243
940,272,4.0,884801316
557,682,2.0,881179213
942,200,4.0,891282840
940,655,4.0,885921775
551,294,4.0,892775824
942,604,4.0,891283139
940,315,4.0,884801125
642,742,5.0,885602839
642,780,5.0,885606270
551,363,4.0,892784710
942,423,5.0,891283095
850,121,5.0,883195055
503,130,5.0,879438837
503,463,1.0,880383126
940,66,4.0,885922016
454,283,3.0,888267590
768,310,4.0,883835026
503,694,5.0,880383030
551,1028,4.0,892785056
551,226,5.0,892783411
768,815,3.0,880135963
940,873,3.0,889480440
298,50,5.0,884125578
27,930,2.0,891543222
895,181,5.0,879437950
684,158,3.0,878760372
460,1067,4.0,882912316
731,613,2.0,886186568
462,326,4.0,886365297
850,584,4.0,883195276
731,136,4.0,886182826
841,307,5.0,889067152
784,313,5.0,891386988
731,521,1.0,886184682
413,327,3.0,879968933
564,1025,2.0,888718443
845,268,3.0,885409374
120,127,4.0,889489772
503,503,3.0,880472250
580,147,3.0,884125658
942,261,4.0,891282673
483,283,5.0,878952582
319,358,3.0,889816233
940,289,3.0,884801144
768,471,3.0,880135875
454,632,3.0,881960145
646,349,2.0,888529127
942,427,5.0,891283017
298,121,4.0,884126202
850,742,5.0,883195214
942,487,4.0,891282985
822,272,3.0,891033683
236,28,4.0,890116539
642,472,5.0,885607081
822,410,1.0,891039486
551,128,4.0,892783829
642,427,3.0,886132043
768,476,4.0,883834705
642,628,3.0,891317897
942,323,3.0,891282644
551,508,4.0,892783366
731,170,5.0,886179040
551,34,4.0,892778336
731,127,4.0,886179415
768,248,3.0,883834705
418,300,3.0,891282656
642,35,2.0,886570027
54,634,1.0,892681013
642,441,1.0,886569942
503,13,3.0,879438377
850,480,5.0,883194810
942,615,3.0,891283017
940,96,5.0,885921265
642,217,2.0,886569659
850,494,3.0,883195168
822,432,3.0,891037394
454,972,2.0,888267128
940,194,5.0,885921953
112,333,4.0,884992566
642,931,4.0,885606857
551,824,1.0,892784629
942,584,4.0,891283239
841,300,4.0,889066780
841,358,1.0,889067348
228,812,5.0,889388547
845,1399,3.0,885409493
942,347,5.0,891282396
940,172,4.0,885921451
590,546,1.0,879439538
298,427,5.0,884127369
841,271,4.0,889067216
298,546,3.0,884184098
133,306,4.0,890588612
112,328,4.0,884992566
729,322,4.0,893286637
564,245,4.0,888718546
940,181,3.0,885921310
642,622,4.0,886568941
684,1028,4.0,875810966
454,313,5.0,888000454
725,321,2.0,876103700
742,7,3.0,881335492
714,250,5.0,892777876
684,173,3.0,878761120
850,181,5.0,883195419
179,916,5.0,892151064
551,111,5.0,892783612
940,8,5.0,885921577
742,475,4.0,881335492
940,153,2.0,885921953
503,58,4.0,880472565
725,286,5.0,876106729
942,539,3.0,891282673
460,100,5.0,882912418
551,386,1.0,892785364
784,272,4.0,891387077
942,313,3.0,891282396
642,401,4.0,885606178
642,28,5.0,885603636
768,744,3.0,880136272
940,56,5.0,885921577
580,597,1.0,884126077
942,269,2.0,891282396
551,100,4.0,892776486
236,135,2.0,890116033
731,611,3.0,886184683
418,1313,2.0,891282813
714,291,3.0,892777117
940,355,1.0,889480552
850,82,5.0,883194950
729,362,4.0,893286637
646,678,3.0,888529127
841,344,3.0,889066880
564,117,4.0,888730974
454,472,3.0,888266874
551,415,4.0,892784710
651,285,4.0,879348966
942,511,4.0,891282931
460,1137,3.0,882912235
714,151,3.0,892777812
179,353,1.0,892151270
384,879,4.0,891273874
454,367,4.0,888267128
580,343,5.0,884124304
551,673,4.0,892778164
731,15,4.0,886182632
454,312,3.0,888015842
942,304,5.0,891282457
551,40,1.0,892785056
940,147,4.0,885921893
454,751,4.0,888265376
29,180,4.0,882821989
503,79,5.0,879454675
742,1,4.0,881335281
580,125,3.0,884125387
29,306,4.0,882820730
784,310,4.0,891387155
940,610,1.0,885921953
29,657,4.0,882821942
731,140,2.0,886186811
768,25,4.0,880136157
231,300,4.0,888605273
54,250,4.0,880933834
651,116,2.0,879348966
503,489,4.0,880383625
413,289,4.0,879969027
940,1401,1.0,885921371
784,751,4.0,891387316
298,845,3.0,884183773
413,460,3.0,879969536
590,1014,3.0,879439283
564,118,4.0,888730699
841,873,4.0,889067121
696,748,1.0,886404268
298,125,3.0,884125912
590,740,4.0,879439645
714,3,5.0,892777876
696,302,5.0,886403632
298,549,4.0,884183307
850,294,5.0,883194367
684,763,2.0,878232961
642,993,4.0,891317955
841,678,4.0,889067313
725,9,4.0,876106243
731,606,3.0,886182366
942,193,5.0,891283043
940,170,4.0,885921401
768,16,3.0,880135943
120,744,4.0,889490522
551,67,5.0,892785164
454,530,2.0,881960174
580,271,5.0,884124248
714,284,3.0,892777438
551,655,5.0,892783142
841,333,4.0,889066780
551,531,5.0,892777485
809,307,5.0,891036809
298,204,4.0,884182148
602,117,5.0,888638674
714,1,3.0,892776123
809,313,4.0,891036743
503,174,5.0,880472250
454,147,3.0,888267455
557,289,4.0,880484992
236,510,3.0,890118543
809,302,5.0,891036743
462,655,5.0,886365467
940,95,5.0,885921800
684,67,3.0,878762144
940,174,4.0,885921310
684,1301,3.0,878760019
572,14,4.0,879449683
940,319,2.0,884800944
454,252,2.0,881959336
503,183,5.0,879454754
642,136,3.0,885602232
942,31,5.0,891283517
684,66,4.0,878762033
850,71,5.0,883195118
551,1304,1.0,892783942
940,549,2.0,885921915
940,474,3.0,885921687
684,217,2.0,875811965
940,4,2.0,885922040
714,1028,4.0,892777877
845,346,3.0,885409493
729,313,3.0,893286638
642,51,5.0,886132172
684,265,4.0,878759435
503,496,5.0,880472474
940,317,4.0,885921577
483,50,5.0,878953485
940,751,3.0,884801227
454,471,3.0,881960445
503,823,2.0,879438817
413,307,2.0,879968794
822,1110,4.0,891036395
642,318,2.0,885602369
557,875,4.0,881179291
503,269,5.0,879438024
247,340,3.0,893081396
809,258,3.0,891036903
942,969,4.0,891282817
460,321,3.0,882910510
646,908,3.0,888529054
36,261,5.0,882157581
942,131,5.0,891283094
684,756,4.0,875811455
684,8,5.0,878761120
564,298,3.0,888730534
642,173,5.0,885602314
580,866,4.0,884125856
731,283,4.0,886182367
460,137,5.0,882912418
784,333,4.0,891387501
179,538,4.0,892151231
942,500,5.0,891282816
942,479,4.0,891283118
845,909,4.0,885409789
233,70,5.0,879147810
684,483,5.0,878576905
551,209,5.0,892777123
942,172,5.0,891282963
551,1253,2.0,892784629
684,411,3.0,875811455
731,482,3.0,886184770
557,246,5.0,880485693
731,66,4.0,886184577
731,207,4.0,886182827
822,25,3.0,891039543
503,223,5.0,880472362
231,866,3.0,879965961
696,1126,3.0,886404617
298,9,4.0,884126202
557,176,4.0,880486028
691,500,3.0,875543068
54,823,2.0,880938088
551,1044,3.0,892785223
725,333,5.0,876106729
503,582,5.0,880383064
729,300,4.0,893286638
602,880,4.0,888637925
725,322,4.0,876103762
454,463,2.0,888267560
942,878,4.0,891282702
895,13,5.0,879437950
454,285,2.0,881959917
696,311,5.0,886404063
646,751,2.0,888528870
298,357,5.0,884181969
940,855,5.0,885921980
714,471,4.0,892777903
714,410,3.0,892777767
298,187,5.0,884183063
503,949,3.0,892667891
725,19,5.0,876106729
940,708,3.0,885921953
642,1239,4.0,885607097
351,895,3.0,883356591
850,97,5.0,883195168
696,9,5.0,886404617
768,315,3.0,883834448
822,111,4.0,891039414
233,523,4.0,877663913
731,143,5.0,886182827
729,294,2.0,893286338
940,89,4.0,885921828
729,751,3.0,893286338
642,588,5.0,886131546
602,294,5.0,888637987
564,272,3.0,888718415
942,216,4.0,891282963
768,742,3.0,880136033
940,427,5.0,885921451
551,97,5.0,892777013
462,539,3.0,886365773
460,124,4.0,882912150
551,587,4.0,892783525
642,1078,5.0,885604239
691,604,5.0,875543025
551,720,2.0,892784744
691,318,5.0,875543281
850,168,5.0,883195456
503,306,5.0,879438024
460,312,4.0,882910837
822,358,3.0,891037112
714,111,3.0,892777330
731,213,5.0,886183515
503,484,4.0,880472188
691,185,5.0,875543281
413,515,5.0,879969591
590,1061,2.0,879439538
133,539,1.0,890588720
557,252,3.0,880485846
940,683,3.0,884800988
691,672,1.0,875543153
29,303,4.0,882820686
895,50,5.0,879438062
651,683,3.0,880126096
454,135,2.0,888266433
551,433,5.0,892777787
503,199,4.0,880383625
454,238,3.0,881960361
413,333,2.0,879968933
768,313,5.0,883835026
642,1053,3.0,886207279
642,405,3.0,885606946
247,70,5.0,893097024
551,393,5.0,892782901
942,607,5.0,891282931
580,286,4.0,884124750
731,527,5.0,886184682
822,235,3.0,891039543
940,310,3.0,884800966
784,315,4.0,891386988
551,125,4.0,892783791
696,520,5.0,886404617
454,111,1.0,888267086
551,310,4.0,892775516
642,54,4.0,886206959
940,343,2.0,884801246
642,411,5.0,885605834
454,486,3.0,881960385
895,301,4.0,879437793
742,100,5.0,881335492
942,362,3.0,891282420
590,274,3.0,879439256
642,416,5.0,886455469
714,117,5.0,892777876
684,15,5.0,878759758
503,224,3.0,880390128
684,215,5.0,875812176
551,284,4.0,892783110
454,942,2.0,888267198
642,932,5.0,885605866
784,323,4.0,891387704
503,546,4.0,879438685
580,50,5.0,884124927
731,14,3.0,886179040
642,140,3.0,886569257
551,770,2.0,892778244
551,640,4.0,892783750
590,248,4.0,879439645
298,356,3.0,884182627
120,508,2.0,889490979
454,8,5.0,888266643
731,481,3.0,886182456
845,690,5.0,885409719
942,514,4.0,891283069
696,124,5.0,886404617
642,186,5.0,885602739
236,526,3.0,890116500
551,280,3.0,892778337
551,64,5.0,892776380
298,742,3.0,884125553
580,619,3.0,884125175
642,407,5.0,885606482
784,258,5.0,891387249
642,117,4.0,886131655
942,303,4.0,891282477
112,258,3.0,884992484
642,795,4.0,886570173
850,28,5.0,883195214
503,1009,2.0,884638911
503,221,5.0,879438377
572,222,2.0,879449763
602,259,4.0,888638160
233,528,5.0,877665324
503,190,5.0,880383030
940,628,4.0,885921800
557,165,5.0,881179653
940,300,5.0,884801316
731,485,4.0,886187414
460,1011,4.0,882912205
940,9,3.0,885921687
233,647,5.0,877661364
483,510,3.0,878953751
784,326,5.0,891387155
133,286,2.0,890588524
247,58,4.0,893081396
564,127,4.0,888730974
642,398,2.0,886454837
845,751,2.0,885409719
850,648,5.0,883195527
580,151,2.0,884126077
551,509,4.0,892777274
503,356,4.0,879454841
413,25,3.0,879969791
642,496,4.0,885603516
503,197,5.0,880383358
646,1022,4.0,888528955
54,405,4.0,880934806
642,399,3.0,886131257
942,496,5.0,891283043
483,222,3.0,878953485
236,273,1.0,890116670
551,1136,5.0,892784049
503,98,5.0,879454675
822,588,2.0,891037394
196,269,3.0,881250949
551,196,5.0,892776982
822,71,4.0,891037465
564,685,3.0,888730658
850,519,4.0,883195168
503,100,5.0,879438346
684,50,4.0,875810897
942,95,5.0,891283516
602,261,3.0,888638248
642,771,3.0,885607115
845,310,4.0,885409493
551,1439,5.0,892783612
742,546,1.0,881335598
454,371,3.0,888267198
642,1224,4.0,886132139
809,748,3.0,891037091
845,302,3.0,885409374
729,272,4.0,893286638
351,307,4.0,879481550
642,21,5.0,885605148
557,346,2.0,884357321
642,288,1.0,885604085
684,716,2.0,878761751
236,294,2.0,890116895
684,63,4.0,878762087
768,14,5.0,883835026
557,1244,2.0,880485863
822,539,2.0,891035086
551,559,5.0,892784479
691,178,5.0,875543281
642,673,2.0,886130929
940,521,4.0,885921915
850,568,5.0,883194768
580,121,4.0,884125457
850,22,5.0,883195527
942,50,5.0,891282816
551,380,3.0,892783488
725,301,4.0,876106729
590,275,4.0,879439645
503,66,3.0,880383468
580,282,5.0,884125292
642,775,4.0,886569570
850,705,5.0,883195034
784,877,4.0,891387622
454,984,3.0,891377968
729,310,3.0,893286204
460,304,2.0,882911101
940,358,1.0,884801227
942,1050,5.0,891283043
850,196,3.0,883194792
483,515,4.0,878950971
462,873,4.0,886365706
551,1220,5.0,892784524
942,892,3.0,891282644
768,15,2.0,883835210
454,498,3.0,888267559
236,333,3.0,890117748
551,326,4.0,892775612
454,275,2.0,888267419
942,97,5.0,891283239
768,475,2.0,883835210
729,338,1.0,893286373
233,304,5.0,877665323
731,484,3.0,886179289
684,393,4.0,878761751
845,1238,2.0,885409374
642,584,4.0,885842877
590,1331,4.0,879439645
696,286,5.0,886403578
580,288,5.0,884125658
809,245,3.0,891037127
784,304,4.0,891387501
503,237,4.0,879438505
642,569,2.0,886569538
551,9,5.0,892776982
731,64,5.0,886179040
651,127,4.0,879348965
841,313,5.0,889066779
503,347,5.0,884637610
236,282,5.0,890117028
454,687,3.0,881959468
895,275,5.0,879438011
731,486,4.0,886182556
642,368,4.0,885606271
942,357,4.0,891283239
460,19,5.0,882912418
454,81,1.0,888266433
551,162,5.0,892783242
112,888,4.0,886398699
940,792,2.0,885921892
642,725,4.0,885606067
850,50,5.0,883195143
942,1028,4.0,891283209
684,172,5.0,875812299
642,734,3.0,886569960
233,660,5.0,877661634
940,116,2.0,885921741
784,300,4.0,891386988
940,321,4.0,884801316
302,271,4.0,879436911
503,124,5.0,879438233
460,306,4.0,882912418
742,14,5.0,881335361
454,611,2.0,888266685
551,54,3.0,892784093
942,322,3.0,891282539
112,332,4.0,886398611
642,969,2.0,885603662
731,125,3.0,886186940
940,151,3.0,885921800
483,101,2.0,884047278
822,91,3.0,891037394
503,211,5.0,880472435
940,173,4.0,885921400
551,385,5.0,892783791
175,869,3.0,877107500
133,355,2.0,890588928
714,258,4.0,892777903
351,898,5.0,883356784
105,751,2.0,889214381
942,183,3.0,891283184
714,1152,2.0,892777651
454,588,3.0,881960083
714,100,1.0,892775786
841,306,4.0,889066824
503,172,5.0,880383588
684,585,2.0,878762273
413,283,5.0,879969484
646,294,2.0,888528870
551,155,4.0,892784259
590,284,2.0,879439345
564,281,3.0,888730658
684,381,2.0,878762033
642,369,2.0,885606090
460,288,2.0,882910678
940,746,3.0,885921669
940,316,4.0,889480582
236,595,3.0,890117267
742,294,3.0,881005590
725,881,5.0,876106729
642,419,4.0,885603537
551,264,3.0,892775970
942,1204,4.0,891283209
572,286,4.0,879449179
551,82,5.0,892783525
454,302,4.0,881958326
454,95,2.0,888266433
642,245,4.0,891317923
646,1176,4.0,888528955
940,168,3.0,885921597
454,327,3.0,881958428
809,1025,1.0,891037205
714,1014,3.0,892777694
179,271,1.0,892151565
642,1133,3.0,886569295
731,28,4.0,886182826
940,286,3.0,884800898
940,294,4.0,884801316
551,765,1.0,892785194
483,68,1.0,878953693
940,69,2.0,885921265
551,218,5.0,892783212
112,690,4.0,884992462
384,258,4.0,891273683
551,184,1.0,892777855
691,650,5.0,875543281
942,315,4.0,891282355
822,169,4.0,891037394
822,751,3.0,891035141
551,153,3.0,892777310
572,301,4.0,879449243
684,408,5.0,875810796
809,340,4.0,891036744
651,515,5.0,879348966
302,333,3.0,879436785
462,181,4.0,886365443
940,47,3.0,885921758
768,9,5.0,883835026
725,288,3.0,876103725
551,219,5.0,892784479
564,302,3.0,888718415
841,689,5.0,889067253
845,1234,4.0,885409719
942,258,4.0,891282438
233,462,5.0,879147730
590,591,3.0,879439256
233,135,4.0,877661881
175,136,4.0,877108051
731,190,5.0,886187538
572,924,1.0,879449840
602,508,3.0,888638618
413,276,4.0,879969674
731,1086,1.0,886186091
850,69,5.0,883195456
691,748,4.0,875542868
651,301,3.0,880126632
691,304,3.0,875542868
942,234,4.0,891283161
551,228,5.0,892783212
642,609,3.0,885604859
590,111,3.0,879438936
551,1303,1.0,892785399
768,245,2.0,879523820
822,101,2.0,891037465
784,334,3.0,891387812
454,606,2.0,881960330
646,877,3.0,888529014
454,504,2.0,888266955
590,476,3.0,879439345
768,127,5.0,883835026
454,604,3.0,881959960
233,180,5.0,877661364
696,327,4.0,886404144
335,340,5.0,891566808
651,995,1.0,880126547
642,91,4.0,885603897
940,692,4.0,885921651
768,763,2.0,883835210
942,528,5.0,891282840
850,659,4.0,883194709
942,659,5.0,891283161
572,100,3.0,879449632
731,694,5.0,886184421
768,682,3.0,883834776
551,520,4.0,892777339
231,15,4.0,879965704
714,281,3.0,892777651
731,655,5.0,886183515
691,182,5.0,875543228
266,289,3.0,892256967
895,988,3.0,879437845
742,124,4.0,881335461
942,484,5.0,891282963
691,64,5.0,875543191
714,276,2.0,892777242
460,151,3.0,882912205
651,690,3.0,880126508
940,200,3.0,885922016
642,1336,2.0,885606520
551,210,4.0,892777787
841,326,4.0,889067216
503,86,5.0,880383098
454,71,3.0,888266754
642,410,1.0,885605988
642,1185,4.0,885606024
557,865,3.0,881179268
642,975,2.0,886130929
233,64,5.0,880612285
731,603,5.0,886182631
642,118,3.0,885603566
105,880,3.0,889214335
768,1061,1.0,883835210
646,748,3.0,888529054
940,657,4.0,885921471
646,272,4.0,888528483
850,419,5.0,883195394
784,750,5.0,891386988
120,515,5.0,889489772
551,200,4.0,892782936
942,661,4.0,891283139
784,344,4.0,891387078
298,275,3.0,884125672
942,879,4.0,891282539
503,963,5.0,880472061
642,110,2.0,885606048
503,303,5.0,879438024
845,340,1.0,885409719
551,333,5.0,892775584
642,147,4.0,885606986
602,243,3.0,888638277
942,71,5.0,891282840
940,50,4.0,885921542
236,717,3.0,890117409
483,173,4.0,884047454
298,485,3.0,884124993
462,322,5.0,886365773
895,1014,3.0,879438082
302,266,2.0,879436981
351,258,5.0,879481386
175,111,4.0,877108015
850,435,4.0,883194859
725,873,4.0,876103794
503,381,5.0,880383174
642,384,5.0,886131546
809,319,3.0,891036744
642,1054,3.0,885606482
642,796,4.0,885605909
714,748,5.0,892777877
768,620,2.0,880136410
557,270,3.0,881179166
696,178,4.0,886404542
196,110,1.0,881252305
642,385,5.0,885602571
696,285,4.0,886404617
940,98,4.0,885921421
551,721,5.0,892784898
503,116,5.0,879438559
942,316,4.0,891282618
895,117,3.0,879438082
557,305,3.0,881179268
454,988,2.0,888015879
551,300,4.0,892775687
684,216,3.0,878761717
940,529,3.0,885921669
298,402,3.0,884183063
940,213,4.0,885921597
503,44,5.0,879454841
942,174,5.0,891283209
580,25,3.0,884125457
940,482,5.0,885921198
642,1425,2.0,885606024
462,328,5.0,886365773
590,298,2.0,879438911
940,301,3.0,884800988
642,1091,4.0,885606608
233,9,5.0,876021262
247,100,3.0,893081395
642,779,3.0,885843177
503,283,5.0,879438258
642,581,2.0,886569209
261,300,5.0,890454310
503,83,5.0,880383098
841,315,4.0,889066780
942,272,5.0,891282420
580,829,2.0,884126077
642,121,5.0,885842289
942,662,4.0,891283517
413,321,3.0,879969259
691,692,5.0,875543153
696,899,3.0,886403673
642,1037,2.0,885605866
564,924,3.0,888730534
784,332,4.0,891387812
646,259,3.0,888528978
319,350,3.0,889816233
845,896,3.0,885409374
940,629,3.0,885921800
940,382,3.0,885921953
845,308,4.0,885409493
684,73,4.0,878762087
940,204,4.0,885922015
642,926,5.0,885605454
940,12,4.0,885921979
175,566,3.0,877108015
551,1051,4.0,892784593
942,99,5.0,891282880
742,24,3.0,881335248
247,181,4.0,893081396
642,220,4.0,887663380
684,732,4.0,878761717
503,475,2.0,879438319
768,255,4.0,888798611
120,118,2.0,889490979
714,924,3.0,892777408
940,209,4.0,885921800
460,9,3.0,882912150
784,690,4.0,891387249
940,1167,4.0,885921198
742,127,5.0,881335361
642,4,3.0,885605768
784,299,3.0,891387155
940,70,3.0,885921500
551,265,4.0,892776336
551,672,1.0,892785056
551,1118,5.0,892784199
768,597,2.0,883835210
247,258,5.0,893097024
551,760,3.0,892784592
460,13,3.0,882912371
551,211,5.0,892778035
809,333,3.0,891036903
942,79,5.0,891282903
942,705,4.0,891283095
266,100,5.0,892257865
642,393,5.0,885605834
642,191,4.0,886131970
454,602,2.0,888267521
590,137,5.0,879438878
940,516,4.0,885921401
714,9,3.0,892775786
940,302,4.0,884801316
551,143,4.0,892777274
940,651,4.0,885921243
731,494,3.0,886179161
940,269,4.0,884801316
940,100,3.0,885921471
572,813,4.0,879449573
27,1017,4.0,891542897
809,315,5.0,891036743
646,323,3.0,888529153
642,812,4.0,886455357
551,33,5.0,892778297
940,709,5.0,885921451
731,202,5.0,886186568
413,100,4.0,879969535
784,260,4.0,891387704
768,274,3.0,880136201
503,185,5.0,879454753
942,265,5.0,891282880
895,294,4.0,879437727
841,1294,5.0,889067507
942,310,4.0,891282396
940,258,5.0,884801316
642,928,5.0,886131546
725,748,4.0,876103744
646,880,3.0,888529127
642,432,2.0,885602369
236,521,3.0,890115996
646,1313,3.0,888529180
642,208,5.0,886131547
684,83,5.0,878761676
895,742,4.0,879438123
942,750,4.0,891282355
261,596,2.0,890456142
784,346,4.0,891387077
642,660,3.0,886132089
742,284,3.0,881335492
208,781,3.0,883108498
175,98,5.0,877107390
642,40,4.0,885605866
503,8,5.0,880472435
551,727,5.0,892783559
841,325,3.0,889067216
112,315,5.0,891299783
642,1058,3.0,886132139
841,258,5.0,889067076
809,322,3.0,891037069
642,172,5.0,885604299
940,183,3.0,885921422
551,17,5.0,892784942
460,245,3.0,882910657
642,1032,4.0,886569012
784,302,5.0,891386988
179,347,3.0,892151064
942,328,3.0,891282503
784,268,3.0,891387501
454,732,4.0,888267560
850,318,5.0,883194737
841,751,3.0,889066880
642,794,4.0,886568429
642,64,5.0,885602482
940,164,2.0,885921915
942,1221,4.0,891282783
768,237,4.0,883834705
642,940,2.0,886569847
454,511,3.0,881960173
691,322,3.0,875542976
646,352,1.0,888529153
691,205,5.0,875543395
942,520,5.0,891282963
266,325,1.0,892257419
940,191,4.0,885921710
228,275,3.0,889388521
731,215,5.0,886182555
731,237,4.0,886185851
942,689,3.0,891282644
651,269,5.0,880126096
940,357,4.0,885921219
691,79,5.0,875543025
714,118,5.0,892777877
236,520,4.0,890116095
942,210,4.0,891283184
651,302,5.0,879348880
942,480,5.0,891282985
714,323,4.0,892777903
841,302,5.0,889066959
266,276,3.0,892258004
642,58,3.0,886131744
646,895,3.0,888528978
731,720,3.0,886184771
642,420,4.0,885606581
460,283,3.0,882912316
503,684,4.0,879454950
895,748,3.0,879437712
940,150,3.0,885921422
642,69,5.0,885602631
208,393,4.0,883108398
768,272,5.0,884970491
940,161,3.0,885921870
768,762,1.0,883835210
590,19,5.0,879438735
841,316,4.0,889067313
895,283,4.0,879438028
483,228,5.0,878953485
768,235,2.0,885319496
642,155,3.0,886568726
557,739,3.0,881179539
642,934,2.0,885606137
725,879,4.0,876106729
651,332,3.0,879348880
551,399,3.0,892785364
642,447,4.0,886569328
731,845,2.0,886184681
768,100,5.0,883835026
940,176,4.0,885921979
850,98,1.0,883195192
602,118,3.0,888638703
551,276,5.0,892783451
942,135,3.0,891283017
940,347,3.0,884801024
483,9,2.0,878952471
646,286,3.0,888528927
413,237,4.0,879969755
850,153,4.0,883194792
454,589,2.0,888267487
580,3,5.0,884125916
942,300,5.0,891282564
942,215,5.0,891283117
460,1171,3.0,882912235
942,282,5.0,891282816
725,111,3.0,876106206
651,322,3.0,880126632
895,885,2.0,879437868
236,411,1.0,890117095
551,568,4.0,892783906
768,222,4.0,883834705
940,508,5.0,885921198
850,132,5.0,883195236
175,187,4.0,877107338
551,51,5.0,892784780
483,473,3.0,878953090
691,227,4.0,875543108
642,1152,5.0,886569828
940,436,4.0,885921542
841,322,4.0,889067152
684,210,3.0,878759474
651,276,4.0,879348966
651,309,1.0,880126632
809,300,4.0,891036903
551,229,5.0,892784779
768,346,3.0,883834705
551,628,5.0,892783177
942,435,5.0,891282931
642,95,5.0,886131547
822,1,4.0,891037291
940,271,2.0,884801053
940,137,3.0,885921758
784,331,4.0,891387155
646,288,3.0,888529127
940,82,4.0,885922040
731,1039,4.0,886182366
602,300,3.0,888637847
105,347,3.0,889214334
551,49,3.0,892783281
850,496,5.0,883195079
845,904,3.0,885409374
642,252,5.0,885842962
768,301,5.0,883835026
551,660,3.0,892783672
483,258,4.0,878950353
454,387,2.0,888267279
940,313,5.0,884801316
850,95,5.0,883195301
642,759,3.0,885843824
822,189,4.0,891037394
233,215,5.0,877665324
850,162,3.0,883195301
940,527,3.0,885921710
642,568,4.0,885606735
503,633,5.0,880472344
454,86,2.0,888267280
551,941,4.0,892782734
551,475,5.0,892777910
483,227,3.0,878953592
845,286,5.0,885409719
731,133,1.0,886184852
27,123,5.0,891543191
642,452,1.0,886569699
691,243,1.0,875542944
940,420,4.0,885921979
642,827,1.0,886131332
784,327,4.0,891387315
942,478,5.0,891283017
714,369,3.0,892777581
266,924,2.0,892258038
725,328,4.0,876106729
551,4,2.0,892783711
551,85,1.0,892783749
551,89,4.0,892777787
120,50,4.0,889489973
691,735,5.0,875543228
684,477,5.0,878759560
731,195,1.0,886185851
590,293,3.0,879439114
298,282,4.0,884125629
551,245,3.0,892775723
551,790,2.0,892783942
551,96,5.0,892777987
54,148,3.0,880937490
483,676,4.0,878950972
642,357,2.0,885603565
551,215,4.0,892778035
454,132,2.0,888266874
462,346,1.0,886365928
942,124,4.0,891283068
845,242,4.0,885409493
942,414,4.0,891282857
940,678,4.0,884801316
841,888,5.0,889067432
551,366,5.0,892784049
642,402,4.0,885603792
551,686,3.0,892783829
646,307,3.0,888528902
942,678,3.0,891282673
714,257,3.0,892776410
784,340,3.0,891387895
729,346,1.0,893286168
454,1089,2.0,881959437
731,608,4.0,886183515
642,257,5.0,886131546
942,318,5.0,891282903
642,1055,4.0,886569483
729,894,1.0,893286511
940,264,1.0,884801053
691,772,5.0,875543281
642,400,4.0,886569278
895,222,3.0,879437965
551,302,3.0,892775389
646,354,3.0,888528902
642,131,3.0,885603566
551,546,2.0,892784673
731,1275,1.0,886186940
642,686,5.0,886131546
940,879,3.0,889480535
454,527,4.0,881960201
845,303,1.0,885409374
642,181,5.0,885603699
88,326,5.0,891038103
351,304,3.0,879481675
551,895,3.0,892775752
460,870,2.0,882912469
503,529,2.0,880383030
940,171,2.0,885921401
742,282,3.0,881335857
503,187,5.0,880383625
642,748,5.0,885601998
731,520,4.0,886186567
940,7,4.0,885921597
133,271,5.0,890588766
298,679,3.0,884183099
768,284,1.0,883835210
503,580,3.0,880383236
895,151,5.0,879438101
557,307,5.0,881179653
646,328,3.0,888528457
731,1087,1.0,886186091
551,233,4.0,892784259
850,79,5.0,883195192
850,385,5.0,883195099
642,1287,2.0,885606463
551,833,3.0,892784166
483,91,3.0,884047427
642,477,5.0,886131563
731,496,5.0,886179040
895,328,4.0,879437748
642,553,5.0,886132153
940,471,4.0,885921628
642,1182,2.0,885606178
590,1009,3.0,879439483
228,56,2.0,889388607
940,259,4.0,884801316
768,895,2.0,883750415
642,998,3.0,886569765
845,306,2.0,885409374
940,354,5.0,889480493
564,258,4.0,888718771
233,845,4.0,880190627
768,535,3.0,882190750
179,313,4.0,892151270
768,269,3.0,885319349
642,756,5.0,885604859
940,430,4.0,885921542
940,238,4.0,885921628
384,286,4.0,891273649
942,197,5.0,891283043
551,58,5.0,892783451
940,216,4.0,885921310
809,331,2.0,891036809
684,98,4.0,878759970
822,95,4.0,891037394
454,140,3.0,888267386
233,4,3.0,877663337
822,902,4.0,891033747
266,9,4.0,892258004
503,509,5.0,880383098
551,583,3.0,892778369
942,945,5.0,891283239
551,192,5.0,892776750
413,273,2.0,879969484
590,547,4.0,879439086
940,1137,3.0,885921577
236,304,4.0,890117676
725,294,3.0,876103726
454,64,4.0,881959652
454,748,4.0,881958551
298,482,5.0,884182657
684,924,2.0,878232961
714,294,4.0,892777903
557,1176,5.0,881179653
942,498,5.0,891282931
850,96,4.0,883195236
642,955,3.0,888123262
850,485,5.0,883195168
942,259,4.0,891282673
551,258,4.0,892775584
691,1172,5.0,875543191
809,299,4.0,891037069
850,88,5.0,883195479
551,403,3.0,892782807
742,591,4.0,881335461
551,926,2.0,892785300
822,206,3.0,891036851
590,124,5.0,879438735
731,591,1.0,886184577
895,1,4.0,879437950
580,257,5.0,884125243
572,284,3.0,879449840
940,215,2.0,885921451
684,409,3.0,878760614
940,285,4.0,885921846
590,676,4.0,879439060
642,73,4.0,885605735
503,692,3.0,880383467
691,496,5.0,875543025
684,248,3.0,878576473
895,100,4.0,879437997
725,276,4.0,876106243
646,750,3.0,888528902
